SoC,Tesla Model Y LR LG Aug 2021,Tesla Model Y LR LG April 2022,Tesla Model Y LR LG April 2022 cold,Audi e-tron 55 new 85.7 kWh,Polestar 2 78 kWh,Polestar 2 64 kWh,Tesla Model S P85 2013 in 2015,Tesla Model S P85 2013 in 2021,Tesla Model S 85 in 2024,Porsche Taycan 93 kWh,Tesla Model 3 LR 80 kWh Panasonic,Mercedes EQC,Jaguar I-Pace,Hyundai Ioniq 28 kWh,Kia e-Soul 64 kWh,Audi e-tron 50,Volvo XC40 69 kWh April 2022,Volvo XC40 69 kWh April 2022 cold,Tesla Model 3 SR+ MIC Aug 2021,Tesla Model 3 60 kWh March 2022,Tesla Model 3 60 kWh May 2022,Tesla Model 3 60 kWh May 2022 cold,BMW iX3 April 2021,BMW iX50 Feb 2022,BMW iX40 May 2022,Audi e-tron GT 93 kWh May 2021,Porsche Taycan 93 kWh June 2022 eco,Tesla Model Y Performance June 2022,VW ID4 82 kWh March 2021,VW ID5 GTX 82 kWh June 2022,BMW i4 February 2021,Mercedes EQS 120 kWh,Mercedes EQE June 2022,Ford Mustang Mach-e Febuary 2021,Ford Mustang Mach-e GT July 2022,Nio ES8 October 2021,BYD Tang 86.4 kWh August 2022,BMW i4 M50 overheating,Mercedes EQS 450+ eco charge,Hongqi E-HS9 99 kWh,MG Marvel R 70 kWh September 2022,ID3 62 kWh 120 kW update,Xpeng P7 September 2022,Tesla Model 3 Performance May 2022,Nissan Ariya 63 kWh,Nissan Ariya 87 kWh,Nissan Ariya 63 kWh 90 kW curve,Volvo C40 78 kWh March 2022,Kia Niro EV 64 kWh October 2022,VW ID Buzz 82 kWh October 2022,Citroen e-C4 50 kWh,MG5 61 kWh,Renault Megane 60 kWh,Mercedes EQA 70 kWh old curve,MG ZS EV 72 kWh,BYD Atto 3 60 kWh Thailand,Ora Good Cat GT 63 kWh,Tesla Model Y RWD 125 kW charger,Tesla Model Y RWD 200 A charger,MG4 51 kWh,Tesla Model S Plaid Feb 2023,Tesla Model S LR Palladium Feb 2023,Tesla Model S Plaid cold Feb 2023,Toyota bZ4X March 2023,Toyota bZ4X March 2023 throttled,Renault Zoe 52 kWh,VW ID3 55 kWh August 2021,Nissan Townstar 45 kWh,Audi Q8 e-tron 55,Audi Q8 e-tron 55 cold,BMW i7 105 kWh,BMW iX1,Hyundai Ioniq 6 77 kWh,Hyundai Ioniq 6 cold,Nio ET5 100 kWh May 2023,Toyota bZ4X May 2023,Tesla Model Y RWD May 2023,MG4 64 kWh,BYD Han,Hongqi E-HS9 120 kWh at 800 V charger,Hongqi E-HS9 120 kWh at 400 V charger,Lotus Eletre 112 kWh,VW ID3 Facelift 62 kWh,BYD Atto 3 60 kWh,Maxus eT90,Polestar 2 refresh 82 kWh,Citroen e-C4X 54 kWh,Mercedes EQV 100 kWh,Citroen e-Spacetourer 75 kWh,Maxus Mifa 9,Honda e:Ny1,Xpeng G9 98 kWh,Tesla Model Y RWD BYD battery cold,Tesla Model Y RWD BYD battery warm,Hyundai Kona 65 kWh,2018 Hyundai Ioniq 28 kWh 2023,BMW i3 42 kWh,Kia Soul 27 kWh,Nio EL6 w/100b battery,BMW i3 22 kWh,VW e-Golf 24 kWh,BMW i5 M60 84 kWh,Audi Q4 e-tron 82 kWh February 2024,Kia EV9 100 kWh,VW ID7 82 kWh March 2024,Smart #1 Brabus 66 kWh,Mercedes EQA 250+ 74 kWh,Kia Soul 27 kWh upgraded 200 A,Kia Soul 27 kWh upgraded 133 A,Kia Soul 27 kWh upgraded 133 A cold,Volvo EX30 69 kWh,Fisker Ocean Extreme 113 kWh,BYD Dolphin 60 kWh,BYD Seal U 89 kWh,BYD Seal 84 kWh,KGM Torres EVX,Audi Q6 e-tron 100 kWh,Audi Q6 e-tron V4 supercharger,Tesla Model 3 RWD Highland,Renault Scenic 92 kWh,Xpeng G6 92 kWh,Audi e-tron GT 105 kWh,Nio EL8 100 kWh,Polestar 4 100 kWh,Hyundai Ioniq 5 N 84 kWh,Mini Cooper SE 54 kWh,Peugeot e-5008 77 kWh,MG Cyberster 77 kWh,BYD Tang 111 kWh hot,BYD Tang 111 kWh warm,BYD Tang 111 kWh,BYD Sealion 7 93 kWh February 2025,Ford Explorer 84 kWh March 2025,Ford Capri 84 kWh cold battery,Ford F-150 Lightning 98 kWh,Hyundai Inster 49 kWh,VW ID7 GTX Tourer 91 kWh,VW ID7 GTX Tourer 91 kWh warm,VW ID7 GTX Tourer 91 kWh cold,2017 Hyundai Ioniq 28 kWh 173k km,Seres 5 80 kWh,Kia EV3 81 kWh,VW ID3 Pure 55 kWh May 2025,Citroen e-C3 45 kWh,MGS5 64 kWh,Cupra Tavascan 82 kWh 2025,Tesla Model Y LR Juniper June 2025,Skoda Elroq 59 kWh June 2025,Polestar 3 111 kWh June 2025,Renault 5 55 kWh,Zeekr 7X 100 kWh on 400 kW,Zeekr 7X 100 kWh on 480 kW,Firefly 42 kWh August 2025,Nio EL6 100 kWh August 2025,Jac E30X 51.5 kWh,BYD Sealion 7 93 kWh September 2025,Hongqi E-HS7 111 kWh,Mercedes CLA 90 kWh,MG IM6 100 kWh,Mercedes G580 124 kWh,Mercedes EQS SUV Maybach 680,Tesla Model Y Performance Juniper 82 kWh hot,Tesla Model Y Performance Juniper 82 kWh cold,Nissan Leaf 62 kWh 200 A new,Nissan Leaf 62 kWh 200 A degraded,2025 Skoda Enyaq Coupé 85x 82 kWh,Nio ET5 75 kWh,Kia Soul 30 kWh,Maxus eTerron 9 102 kWh,Hyundai Ioniq 9 110 kWh,Nio ET5 100 kWh gen 1,KGM Musso EV,Tesla Model Y LR RWD 82 kWh Jan 2026,Mazda 6e Standard Range,Tesla Cybertruck Long Range 123 kWh,Deepal S05 69 kWh,Mercedes eVito 100 kWh,BMW iX3 50 xDrive,BMW iX3 50 xDrive 400 kW 0 %,BMW iX3 50 xDrive 400 kW 10 %,BMW iX3 50 xDrive 350 kW,BMW iX3 50 xDrive Supercharger v4,BYD Atto 3 Evo 76 kWh,Volvo ES90 92 kWh,Tesla Model 3 Standard 64 kWh,Kia PV5 71 kWh
10,200,250,122,138,130,110,116,110,93,250,250,104,94,62,67,125,131,77,166,169,170,33,153,186,144,243,190,229,125,172,200,198,163,130,148,103,115,204,101,124,77,128,70,250,116,115,115,146,81,183,99,84,126,109,84,86,48,123,71,81,246,156,149,116,37,42,100,74,134,80,185,124,139,71,122,90,170,108,122,99,116,300,130,84,68,205,102,104,98,116,69,210,172,170,91,61,44,42,168,45,40,200,160,72,175,151,95,61,46,47,55,173,85,127,142,110,270,118,168,143,133,111,164,172,73,80,148,103,165,120,114,122,177,109,148,55,110,110,105,61,115,115,40,88,128,132,225,136,250,100,365,198,86,74,62,125,199,117,187,165,198,229,227,,,110,88,62,125,58,115,93,250,146,348,164,103,399,399,340,330,172,130,264,175,40
11,191,246,133,138,132,110,116,105,92,252,250,105,98,62,67,125,131,77,166,168,170,28,154,186,145,243,193,218,125,172,201,198,164,131,148,105,116,205,101,124,78,128,72,250,116,115,115,147,82,183,99,86,126,109,84,86,48,123,71,81,246,200,149,119,37,42,100,74,135,80,186,124,188,73,123,90,169,122,123,99,116,300,130,85,68,206,103,104,98,117,69,273,172,170,92,61,44,42,168,45,40,201,161,127,185,151,96,61,46,47,60,168,86,127,144,111,270,120,168,143,134,142,211,203,127,95,151,128,166,122,115,123,178,113,148,72,192,195,187,61,116,116,102,88,132,132,222,155,253,100,395,357,86,171,63,224,199,245,233,195,198,231,228,,,159,127,63,125,149,115,97,250,153,349,164,104,400,400,355,349,174,131,322,175,83
12,187,233,126,139,133,112,116,100,90,252,250,105,94,62,67,125,131,79,166,160,169,25,155,187,145,251,194,212,125,172,201,200,165,132,149,106,116,205,101,125,79,128,72,250,116,115,90,148,82,184,100,88,127,109,85,86,47,123,71,84,246,248,149,120,39,43,100,74,136,82,187,125,189,73,125,111,169,130,123,100,117,301,130,85,68,206,104,105,98,118,70,312,171,170,92,61,44,43,170,45,40,203,162,187,186,153,96,61,46,47,148,169,86,129,145,115,273,120,168,144,190,205,235,204,200,98,158,131,166,123,116,123,178,115,149,73,197,196,194,62,117,116,138,88,133,132,216,158,252,100,403,413,86,172,63,225,199,348,306,195,198,231,230,,,162,134,63,125,172,116,103,250,151,349,165,104,399,399,370,349,175,132,324,175,119
13,181,220,118,140,137,113,116,96,89,253,250,106,94,62,67,125,132,75,165,151,169,24,155,188,145,253,194,207,125,173,202,200,166,133,150,106,116,206,101,125,79,130,72,250,115,116,90,147,79,184,100,89,127,110,86,87,47,123,71,84,246,247,154,123,39,43,100,74,137,83,188,126,190,73,124,121,167,130,124,100,117,302,130,85,68,207,105,105,98,118,70,314,171,171,92,61,44,43,169,45,40,204,163,190,186,154,97,61,47,47,153,170,86,131,146,118,276,121,169,144,264,254,238,205,202,100,159,135,166,124,116,124,179,117,150,73,198,197,195,62,118,117,139,88,134,131,211,160,253,100,403,415,85,172,63,207,199,339,324,196,199,232,230,,,162,134,63,125,203,116,108,250,154,340,165,104,399,399,374,349,177,134,326,175,120
14,175,211,115,141,140,113,116,92,88,254,250,106,94,62,68,126,133,77,162,146,166,26,155,189,145,253,193,203,125,173,203,201,167,136,144,106,116,206,101,126,80,130,72,250,115,115,90,148,79,184,100,90,127,110,86,87,47,122,71,84,246,246,160,126,39,43,100,74,137,87,190,126,191,73,126,129,162,132,124,100,130,302,130,85,68,207,105,106,98,118,70,314,170,172,92,61,44,43,170,45,40,205,164,190,186,154,97,61,47,48,153,171,86,133,147,118,277,121,168,145,282,284,239,205,204,100,161,135,167,124,116,124,180,119,150,74,199,197,195,62,118,117,141,88,134,131,207,169,250,100,403,416,85,173,63,226,199,341,329,196,201,233,229,,65,164,135,64,125,216,116,113,248,162,329,166,105,399,399,387,349,178,134,326,175,120
15,172,200,112,141,143,113,116,90,87,254,250,106,94,62,68,125,133,72,159,141,158,27,155,189,149,254,193,197,125,174,205,202,168,139,109,106,116,207,101,125,80,130,74,250,115,115,90,148,79,185,100,90,125,110,87,87,47,122,70,85,246,245,161,128,39,43,100,74,138,88,190,126,221,73,126,132,155,132,124,100,130,302,130,85,68,204,106,106,98,118,70,315,170,173,92,62,44,43,171,45,40,200,166,191,186,154,98,62,47,48,154,172,86,135,147,118,280,121,165,146,282,297,239,206,205,80,162,136,167,132,117,125,180,123,150,74,200,197,196,62,118,117,142,88,135,131,203,169,253,100,403,412,84,173,64,227,199,337,331,197,202,234,225,,70,164,136,64,125,211,116,118,243,162,323,166,105,399,399,387,349,179,135,321,175,120
16,167,197,112,142,146,114,116,87,86,255,250,107,95,62,68,126,133,75,156,138,152,29,156,190,148,255,194,198,125,174,205,203,169,143,105,108,117,207,101,124,81,131,74,247,115,115,90,148,82,185,100,90,122,110,87,87,47,122,69,85,246,244,162,130,39,44,100,74,138,90,192,127,222,73,126,133,147,132,124,101,130,302,130,85,68,205,106,106,98,119,70,317,170,175,92,62,44,43,171,43,40,196,167,192,186,154,98,62,47,48,154,172,86,138,150,119,280,122,160,146,283,299,239,206,206,80,164,136,171,132,124,125,181,125,150,74,200,198,196,62,118,118,144,88,135,131,202,166,174,100,402,412,84,173,64,227,199,334,332,197,202,234,222,,70,168,137,64,125,213,116,122,240,166,311,166,105,399,399,387,349,179,135,312,175,120
17,164,193,111,142,148,114,116,86,85,256,250,107,94,62,68,124,133,76,153,135,146,32,147,190,148,256,192,192,125,174,206,203,169,118,105,108,117,207,101,123,81,132,74,244,115,115,90,149,83,186,99,90,121,111,87,87,46,122,67,85,246,244,162,133,39,44,100,74,139,94,192,127,222,73,127,135,143,133,125,101,130,303,130,85,69,192,106,106,98,119,70,317,170,176,92,62,44,43,171,43,40,192,169,192,187,155,98,62,47,48,155,162,87,138,150,119,280,122,156,128,284,303,241,208,206,80,164,136,173,132,128,128,181,127,150,74,201,198,202,62,106,118,146,88,135,132,195,167,143,100,391,413,83,173,64,228,199,333,333,199,204,214,218,,71,169,140,64,125,213,116,126,233,149,306,166,106,399,399,387,349,180,135,307,175,120
18,158,190,110,143,149,114,116,83,84,256,250,107,94,62,68,125,133,78,152,133,143,34,149,190,149,256,191,190,125,175,208,203,170,111,105,108,117,208,101,122,81,133,74,238,115,115,90,149,83,185,99,90,116,111,87,87,46,122,68,85,246,244,159,136,39,44,100,74,139,97,193,127,223,73,127,134,142,133,125,101,131,303,130,86,69,192,106,107,98,120,70,317,170,177,92,62,44,43,171,43,40,185,170,194,187,156,98,62,47,48,155,162,87,140,150,119,281,122,153,128,284,301,240,208,207,80,163,137,173,138,133,128,182,129,150,74,201,198,202,62,106,118,148,88,135,134,193,167,202,100,392,414,83,174,64,228,199,331,335,199,204,201,214,69,71,170,142,64,125,214,116,130,233,159,300,167,106,399,399,383,349,180,138,299,175,121
19,159,188,109,142,144,114,116,81,84,257,250,107,104,62,68,125,125,78,150,130,139,37,149,191,148,256,192,185,125,175,197,204,170,111,105,108,117,208,101,120,81,130,74,235,115,115,90,150,83,184,97,90,115,111,87,87,46,122,68,85,246,245,159,138,39,44,100,74,139,97,193,126,222,73,125,133,138,133,125,101,130,304,130,86,69,192,106,107,98,120,70,318,170,177,93,62,44,43,171,43,40,179,171,194,188,156,99,62,47,48,155,164,87,140,150,119,282,123,150,128,285,305,241,208,208,81,163,139,173,145,133,128,182,130,151,75,201,199,202,62,106,118,149,89,135,135,193,167,223,100,393,419,82,174,64,228,199,328,337,190,204,180,209,70,71,172,143,64,125,214,116,134,227,166,296,167,106,400,400,387,349,181,138,293,174,121
20,153,183,108,142,146,114,115,80,83,259,250,107,104,62,69,125,126,78,149,129,137,40,149,191,138,258,190,183,125,175,197,204,170,112,105,108,117,208,101,119,81,126,75,232,115,115,90,145,83,183,96,90,113,111,87,87,46,122,69,85,246,246,158,141,39,44,100,75,140,100,194,126,223,73,123,135,136,134,125,101,130,303,129,86,69,191,107,107,98,120,70,318,172,177,93,62,44,44,126,43,40,175,173,194,188,156,97,62,47,49,155,162,87,140,151,119,282,123,148,128,239,302,241,207,208,80,162,140,173,148,134,128,182,132,151,75,202,199,201,62,106,119,149,89,136,136,189,166,208,100,382,420,82,174,64,229,199,327,338,192,204,160,201,70,72,173,146,64,125,214,117,138,223,167,286,167,106,399,399,385,349,181,138,287,172,122
21,152,179,107,143,147,114,115,79,83,259,250,107,104,63,69,124,128,81,147,128,134,43,149,192,139,259,189,180,125,173,181,204,170,112,105,108,117,209,101,120,81,122,75,228,115,115,90,147,83,181,96,90,113,112,87,88,46,122,70,86,246,250,157,143,39,44,100,75,140,103,194,126,224,73,122,134,135,134,125,101,130,304,127,86,69,191,107,108,98,121,71,317,174,177,93,62,44,44,126,43,40,171,174,194,189,156,97,62,47,49,156,164,87,140,151,119,283,123,145,128,240,305,242,207,208,77,162,140,173,153,134,128,182,133,151,75,201,199,201,62,106,119,148,89,136,135,185,167,189,100,383,381,81,174,64,229,199,324,339,193,205,156,198,71,72,174,146,65,125,215,117,142,213,167,279,167,106,399,399,379,349,182,138,283,167,121
22,150,175,105,143,147,115,115,77,83,260,250,107,104,63,69,124,130,85,145,127,132,46,149,192,138,258,188,178,125,170,181,205,170,111,105,109,117,209,101,120,81,118,75,224,116,115,90,146,83,180,96,90,111,112,87,88,46,122,71,86,245,250,155,144,39,44,100,75,140,105,194,126,225,73,120,132,133,134,125,101,131,305,124,86,69,191,95,108,93,121,71,267,175,177,93,62,45,44,172,43,40,168,175,195,189,156,97,62,47,49,156,175,87,140,151,119,283,123,143,128,240,305,242,205,208,78,162,141,173,156,147,129,182,138,152,75,202,199,200,62,106,119,148,78,136,135,183,167,162,100,383,380,81,174,64,229,199,322,338,193,205,156,193,71,72,174,146,65,125,216,118,145,208,161,275,168,107,362,362,371,349,182,138,279,163,122
23,148,172,105,143,144,115,114,75,82,260,250,107,104,63,69,124,116,83,145,126,130,49,149,193,139,260,188,177,125,162,182,205,170,111,106,109,117,210,101,120,81,115,75,218,116,115,90,144,83,177,97,89,110,112,87,88,46,122,71,86,244,250,155,145,39,44,100,75,141,108,195,125,224,73,118,134,132,134,125,101,131,305,119,86,69,173,96,108,93,121,71,268,171,177,93,62,45,44,172,43,41,165,175,195,189,141,97,62,48,49,157,175,87,140,151,119,283,123,145,129,240,307,243,202,209,78,163,141,173,156,150,132,183,139,152,75,201,199,200,62,106,119,149,78,136,134,180,167,155,100,383,378,81,175,64,229,199,320,336,195,206,157,191,71,72,175,147,65,125,216,118,149,205,167,264,168,107,331,331,375,349,182,144,276,160,122
24,146,171,104,143,145,115,113,74,81,260,250,107,104,63,69,124,120,84,143,125,129,51,150,193,140,260,186,175,125,158,182,205,170,112,106,109,118,210,101,120,81,111,75,213,116,115,90,145,83,175,97,89,109,112,87,88,46,122,71,86,244,250,155,144,39,44,100,75,141,111,195,124,225,73,116,134,131,134,125,101,131,306,115,86,69,175,95,108,93,122,71,269,172,177,93,62,45,44,126,43,41,162,175,197,190,141,97,62,48,49,157,175,87,140,150,119,284,124,146,129,241,307,243,200,209,78,158,141,173,157,151,132,183,143,152,75,201,199,200,62,106,119,150,78,136,134,178,168,157,99,384,377,81,175,64,229,199,315,335,195,206,158,184,72,70,174,146,65,125,215,118,152,201,167,245,168,107,301,301,377,349,182,144,272,157,122
25,145,167,104,143,139,115,112,72,81,261,249,107,104,64,69,124,122,87,141,124,127,55,150,193,139,261,186,171,125,154,183,206,170,112,106,109,118,189,101,120,82,109,75,209,116,115,90,138,83,173,97,89,108,112,87,88,46,122,72,86,238,250,154,144,39,44,100,75,141,113,196,124,225,73,114,137,129,134,125,101,131,305,112,85,69,175,96,108,93,122,71,269,172,177,93,62,45,44,127,42,41,160,175,197,190,141,98,62,48,49,157,166,87,140,151,119,285,124,146,129,241,308,243,198,215,78,159,142,173,161,157,132,183,145,152,75,201,199,201,63,106,120,150,78,136,134,173,163,165,99,339,381,81,175,64,229,199,308,332,196,206,159,181,72,70,174,146,65,125,217,118,157,196,167,245,168,107,280,280,372,349,183,143,271,152,122
26,144,165,102,143,141,115,111,71,80,261,249,108,104,64,69,123,124,86,139,124,126,56,150,194,140,261,185,168,125,149,174,207,171,112,106,109,118,168,101,121,82,107,75,190,116,116,90,141,83,170,98,89,106,112,87,88,46,122,72,86,234,250,153,144,39,44,99,75,141,116,197,123,226,73,114,135,129,135,125,102,131,306,109,85,69,175,96,108,94,121,71,269,172,177,93,62,45,44,127,42,41,158,176,196,189,141,98,62,48,49,157,166,87,140,150,119,285,124,145,129,241,311,242,197,246,78,159,142,174,164,159,132,183,148,152,75,202,200,203,63,107,120,150,78,136,132,171,162,165,98,339,334,81,175,64,229,199,301,329,198,204,159,168,72,69,174,146,65,125,217,118,160,193,167,245,168,107,270,270,370,349,183,143,271,150,122
27,139,162,101,143,141,115,110,71,79,252,245,108,104,64,69,123,118,92,137,123,125,58,146,194,140,262,183,166,125,146,175,207,172,112,106,109,118,172,101,121,82,106,75,175,112,115,90,140,83,165,98,90,106,112,88,88,46,122,71,86,227,250,151,144,39,44,96,75,142,118,197,123,226,73,112,136,129,135,125,102,131,306,106,85,69,175,96,108,94,121,71,269,172,177,94,62,45,44,127,42,41,157,176,196,189,142,98,62,48,49,157,166,87,140,150,119,286,124,141,129,241,311,243,196,247,78,159,142,174,164,160,132,184,149,152,76,202,200,202,63,107,120,147,78,136,132,168,158,160,97,340,334,80,176,65,229,199,293,326,199,202,159,172,70,69,174,146,65,126,218,118,156,190,167,237,168,107,270,270,369,349,183,145,271,145,122
28,139,159,100,144,141,115,109,70,79,252,241,108,104,65,70,123,121,95,136,122,125,60,148,194,140,262,183,163,125,142,175,207,172,112,106,109,118,171,101,122,82,103,75,167,111,115,90,141,83,160,98,90,104,111,88,88,46,122,71,85,222,250,151,144,39,44,94,74,144,119,196,121,226,121,111,133,128,135,125,102,131,307,104,85,69,163,96,108,94,121,71,270,172,177,94,63,45,44,127,43,41,154,176,195,190,142,98,62,48,49,157,166,87,140,150,119,286,124,140,130,242,311,243,195,247,79,159,142,174,167,164,132,184,150,153,76,202,200,201,63,107,120,144,78,137,132,165,155,153,96,340,334,80,176,65,229,199,285,324,199,200,157,174,70,69,175,146,65,126,218,117,122,184,167,234,169,107,270,270,365,349,184,143,272,142,122
29,137,157,99,144,134,115,108,69,78,252,235,108,104,65,70,123,123,100,133,121,124,63,147,194,140,262,184,160,125,139,168,207,172,112,105,90,118,160,101,122,82,101,75,165,109,115,90,132,84,156,98,91,102,111,88,88,46,122,71,84,217,250,150,139,39,44,92,73,145,120,196,119,227,122,110,132,127,135,125,102,119,307,102,85,69,166,85,109,94,121,71,270,172,177,94,63,45,44,174,43,41,153,177,197,191,142,98,62,48,49,157,167,87,140,150,119,286,124,139,130,242,310,243,195,247,79,135,142,174,170,167,135,184,152,153,76,202,200,201,63,107,120,142,79,137,132,161,153,149,95,340,335,80,176,65,229,199,275,321,200,199,157,177,69,69,175,146,65,126,217,115,122,179,167,226,169,108,270,270,360,349,184,143,273,140,123
30,136,154,98,144,136,115,107,68,78,200,232,108,104,65,70,122,117,101,131,120,123,65,147,195,140,253,179,157,125,136,168,205,172,112,103,90,118,153,101,122,82,100,75,164,108,115,90,135,84,151,98,92,101,110,88,80,46,122,72,84,212,250,148,137,39,44,91,72,147,122,193,119,226,122,108,129,126,135,125,102,119,307,100,85,69,167,84,109,94,121,71,270,171,175,94,63,45,44,127,43,41,151,176,197,190,142,98,62,48,49,157,167,87,140,150,119,286,125,137,130,242,309,243,193,249,79,135,143,174,170,167,135,184,151,153,76,203,200,202,63,107,120,140,79,137,132,159,149,147,95,325,337,79,176,65,229,199,266,318,200,197,156,173,69,68,174,146,65,126,218,113,122,175,167,219,169,108,268,268,356,349,184,143,274,135,123
31,134,151,98,144,136,116,104,68,77,200,227,108,104,65,70,121,120,104,129,119,122,67,148,195,119,254,177,153,125,133,168,200,172,113,102,90,118,148,101,122,82,98,75,165,108,115,90,136,77,147,99,92,99,110,89,52,46,122,71,83,206,249,148,133,39,44,89,72,149,124,190,117,227,122,107,126,125,135,125,102,120,307,98,85,69,168,85,109,94,121,71,270,172,151,94,63,45,44,127,43,41,150,176,196,189,142,99,62,48,49,157,165,86,140,150,119,286,125,133,130,242,311,242,190,249,79,135,143,174,173,171,135,185,152,153,76,202,199,202,63,107,121,136,79,137,132,153,147,147,94,302,382,79,176,65,229,199,265,316,201,196,155,170,68,68,174,146,65,126,218,111,122,173,167,217,169,108,265,265,351,349,185,146,275,133,123
32,132,148,97,144,136,116,104,67,76,200,222,109,104,65,70,121,121,108,126,116,121,69,148,195,119,243,172,148,125,130,158,196,172,112,102,90,118,143,101,122,82,97,77,164,107,115,90,136,77,144,78,92,95,110,89,51,46,122,72,82,201,245,145,131,38,44,88,71,150,126,189,115,227,122,105,123,124,135,125,102,120,241,96,85,69,168,85,109,94,122,71,271,171,147,94,63,45,44,127,43,41,149,176,197,188,142,99,62,48,49,157,159,51,140,149,119,288,125,132,130,242,311,241,186,249,79,135,141,174,174,174,135,185,153,150,76,202,195,202,63,107,121,133,79,137,132,152,144,146,93,302,382,79,177,65,229,199,260,314,204,194,155,167,68,68,174,146,65,126,219,109,122,166,167,207,169,108,262,262,344,349,185,146,276,129,123
33,129,146,96,144,125,116,102,66,76,200,218,109,104,65,70,121,117,109,124,115,119,72,148,196,119,244,169,145,124,128,162,193,172,107,99,90,118,135,101,123,82,96,77,165,106,115,90,133,77,141,78,92,95,109,89,51,46,122,71,81,196,236,145,128,38,44,86,71,153,127,187,114,227,122,104,120,122,135,125,102,120,241,95,85,69,162,85,109,75,122,72,271,171,144,94,63,45,45,128,44,41,148,175,197,187,128,99,63,48,49,157,161,51,140,149,120,287,125,130,130,243,311,234,183,249,79,135,139,174,174,174,135,185,153,146,76,202,194,200,63,107,121,131,79,137,130,149,141,145,92,340,381,79,177,65,219,199,257,312,204,194,154,160,68,67,173,146,65,126,219,107,121,163,167,200,169,108,258,258,339,349,185,146,275,126,123
34,126,143,94,144,126,116,100,65,75,200,214,109,104,65,70,120,119,111,121,114,119,73,148,196,120,244,164,142,123,127,162,187,171,105,95,90,118,128,101,123,82,95,77,165,105,115,90,133,77,138,78,92,94,109,89,51,57,122,72,80,191,229,144,125,38,44,85,71,154,129,185,112,227,122,102,119,120,135,125,103,120,241,94,85,69,163,85,109,75,122,72,271,171,142,95,63,45,45,128,44,41,145,174,198,186,128,99,63,48,49,143,164,51,140,149,120,288,125,129,130,243,311,229,178,250,79,135,136,174,173,176,138,184,153,141,76,197,157,197,63,107,121,129,79,137,128,147,138,143,92,345,384,78,177,65,208,199,253,309,204,193,152,156,67,67,172,145,65,127,219,106,121,160,167,191,169,108,256,256,333,345,186,146,273,123,124
35,125,139,94,144,128,116,99,63,74,200,210,109,104,65,70,119,120,111,119,112,118,75,149,197,120,244,161,139,122,124,163,186,171,103,94,90,118,123,101,123,82,93,77,165,104,115,90,127,77,136,78,93,92,109,89,51,57,122,72,79,187,219,142,122,37,44,84,71,156,131,182,111,228,108,101,113,119,135,125,103,120,240,92,85,69,163,85,109,75,122,72,271,171,140,95,63,45,45,128,44,41,143,174,199,185,128,99,63,48,49,143,167,51,136,149,120,263,125,127,130,243,311,226,175,250,77,135,133,174,173,177,138,183,154,139,76,159,156,196,63,107,121,125,79,138,126,145,129,141,91,350,381,78,177,65,208,199,249,307,204,193,144,148,67,67,171,144,65,127,219,106,121,156,167,184,169,108,251,251,328,337,186,145,270,121,124
36,122,138,94,144,129,116,97,63,74,201,205,109,103,65,70,119,115,107,116,110,116,76,149,197,120,244,158,136,121,122,158,184,170,103,93,90,118,116,102,123,82,91,77,155,103,115,90,128,78,133,78,93,91,108,89,51,57,121,72,78,180,213,140,119,36,45,83,71,158,132,180,109,227,108,98,111,117,135,125,103,120,241,90,85,69,158,85,109,75,122,72,271,171,138,95,63,45,45,128,44,41,142,173,200,185,128,100,63,48,49,143,124,52,106,148,120,229,126,126,129,244,312,224,172,250,77,135,130,122,174,177,139,183,153,137,77,159,136,195,64,107,122,123,79,138,124,142,116,140,90,355,352,78,178,65,208,199,242,304,205,193,139,141,67,66,170,144,61,127,220,104,121,150,167,180,169,108,247,247,321,329,187,143,266,118,124
37,120,135,93,145,117,117,96,63,73,150,202,109,101,65,70,118,116,109,114,109,115,78,140,197,120,245,155,133,120,120,158,183,168,103,93,90,118,110,102,123,83,90,77,150,102,115,90,118,78,132,78,93,86,108,89,51,57,120,72,77,177,209,139,116,36,45,82,71,160,134,178,108,229,148,97,109,115,135,125,103,120,241,89,85,69,159,86,109,75,123,72,272,174,137,95,63,45,45,128,44,41,140,170,198,185,128,101,63,48,49,144,124,87,73,148,120,209,126,123,108,244,313,220,172,251,77,135,127,92,174,177,140,182,153,133,77,138,136,194,64,107,122,121,79,138,122,139,111,140,89,360,351,78,178,65,198,199,238,301,205,193,136,137,66,66,168,144,61,127,220,102,121,146,167,176,170,109,244,244,322,329,187,141,262,115,124
38,117,132,93,145,116,117,94,62,73,151,198,109,101,65,70,117,117,111,112,108,113,79,142,197,121,245,152,130,119,118,158,181,168,102,93,90,118,104,101,123,81,88,77,146,102,115,90,121,78,128,79,93,86,108,89,51,57,118,73,76,173,203,138,114,36,45,81,71,162,135,175,108,228,149,96,106,113,135,125,103,121,241,88,85,69,150,86,109,75,123,72,272,175,136,95,63,45,45,128,44,41,138,168,199,183,128,99,63,48,49,144,124,88,74,148,120,206,126,121,120,190,313,217,119,251,77,136,124,92,173,177,140,180,152,131,77,137,135,192,64,107,122,120,70,138,121,136,108,139,89,365,352,77,178,66,198,199,234,298,205,194,136,133,66,66,165,143,61,127,220,99,121,140,167,171,170,109,241,241,196,331,188,138,260,112,125
39,115,130,92,145,118,117,92,61,72,150,195,109,96,65,70,116,118,112,109,106,112,80,142,198,121,245,151,128,116,116,144,180,168,97,93,90,118,98,101,124,81,87,77,142,101,115,90,122,78,127,79,93,84,108,89,51,57,117,72,76,168,197,137,111,35,45,80,71,162,136,173,106,229,149,95,103,110,136,125,103,121,242,85,85,69,151,86,109,76,123,72,272,177,134,95,63,45,45,129,44,41,136,166,200,181,128,99,63,48,49,128,124,88,74,148,120,212,126,120,118,190,313,196,123,251,78,136,121,92,174,177,140,176,150,129,77,138,135,190,64,107,122,117,70,139,121,133,107,138,87,356,352,77,178,66,182,199,230,292,206,195,136,131,66,66,163,142,61,127,221,97,121,137,167,168,170,109,239,239,205,327,189,138,260,110,125
40,112,128,92,145,118,117,90,60,71,150,189,108,92,65,71,116,112,107,107,104,110,81,105,198,121,245,148,125,114,114,144,178,167,96,93,90,118,91,101,124,81,85,71,137,100,115,90,116,78,125,79,93,84,107,88,51,57,117,73,75,163,191,136,108,34,45,79,70,163,137,170,104,229,149,93,104,107,137,125,103,121,242,84,85,69,152,86,108,76,123,72,273,177,133,96,64,45,45,129,44,41,134,163,201,180,128,102,63,48,49,128,124,88,74,148,120,212,126,118,118,188,315,196,126,253,78,136,118,83,174,177,142,173,150,128,77,138,135,187,64,107,122,115,70,139,121,130,107,138,85,356,354,76,178,66,183,199,225,289,200,197,139,125,65,65,160,142,61,127,221,95,121,134,167,163,170,109,237,237,215,325,188,139,261,109,125
41,110,125,92,145,113,93,90,58,69,151,182,107,92,65,71,116,114,109,103,103,109,82,105,188,121,246,145,123,112,112,144,177,166,95,89,90,118,86,101,124,81,83,79,132,99,115,90,118,78,123,79,93,79,107,87,51,57,117,72,74,159,183,135,105,33,45,77,70,163,138,170,101,230,149,92,99,105,137,125,103,121,242,82,85,69,152,86,107,76,123,72,212,176,133,96,64,45,45,129,44,41,132,161,201,177,114,101,63,49,50,129,124,86,74,147,120,212,126,116,120,188,319,196,129,253,78,132,115,83,174,177,142,170,149,126,77,139,136,185,64,107,123,113,70,139,122,127,105,138,85,357,326,76,178,66,183,199,221,285,183,197,140,122,65,65,158,142,61,127,223,93,121,130,167,160,170,109,235,235,225,320,189,139,260,107,125
42,108,123,91,145,115,93,88,58,69,151,173,106,92,65,71,115,116,110,101,101,107,83,105,188,121,246,144,120,110,110,144,175,165,96,83,90,118,80,101,125,81,82,79,128,98,115,90,113,78,120,79,92,79,107,87,51,57,115,73,74,156,178,133,104,31,45,76,70,163,138,169,100,230,149,91,96,103,136,125,104,121,244,81,84,69,144,86,105,76,124,73,212,176,131,96,64,45,45,129,44,41,130,158,203,173,114,100,63,49,50,129,124,86,74,147,120,206,127,115,118,190,319,196,130,253,78,128,111,83,174,177,143,167,147,125,77,139,136,181,64,107,123,111,70,139,122,125,105,137,83,329,326,75,179,66,184,199,216,281,183,198,138,117,65,65,155,141,61,127,222,102,121,126,167,156,170,110,232,232,235,316,190,142,260,105,126
43,105,122,91,146,110,94,86,57,67,151,167,105,83,65,71,114,111,107,99,100,106,83,105,165,93,246,142,117,109,107,144,174,164,96,79,90,118,75,101,125,81,81,79,124,97,115,90,110,78,118,79,91,75,106,87,51,57,113,72,73,152,172,132,102,30,45,75,71,164,139,166,99,230,149,90,97,100,136,125,104,121,243,80,84,69,146,87,105,76,124,73,212,174,129,96,64,45,45,129,44,41,127,156,201,170,114,101,63,49,50,129,124,51,74,147,120,207,127,113,118,191,315,196,131,253,78,125,109,83,174,177,143,163,146,123,78,139,136,179,64,107,123,108,70,139,122,122,103,137,82,329,327,75,179,66,179,199,213,277,184,200,136,115,64,64,152,143,61,127,222,105,121,120,167,153,170,110,231,231,245,319,190,141,260,103,126
44,103,118,90,146,111,94,86,56,66,151,162,104,83,65,71,114,113,108,97,97,105,84,105,164,93,246,141,115,106,106,144,172,163,96,77,90,118,70,101,125,81,80,79,120,96,115,90,109,78,117,79,89,72,106,88,51,57,112,73,73,148,168,131,99,29,45,74,69,164,139,163,98,230,149,89,91,98,137,125,104,122,244,79,84,69,146,87,104,76,123,73,212,174,129,96,64,45,45,129,44,41,125,153,203,167,114,100,63,49,50,115,124,51,74,144,120,207,127,111,116,191,317,197,131,254,78,123,107,83,174,177,185,161,146,123,78,139,137,174,64,107,124,106,70,139,122,119,102,138,81,330,328,75,179,66,178,199,208,273,184,202,134,113,64,64,150,142,61,127,223,92,121,116,167,153,170,110,229,229,255,309,190,138,260,102,126
45,100,117,90,146,106,94,84,55,66,152,155,103,83,65,71,113,114,108,96,95,103,85,105,158,93,246,139,113,105,105,125,171,162,90,77,90,119,64,101,125,81,79,79,114,96,115,90,101,63,115,79,88,70,106,88,51,51,110,73,72,144,162,130,97,28,45,73,68,164,140,200,97,231,149,89,91,96,137,125,104,122,245,78,84,69,138,87,103,76,120,73,213,174,128,96,64,45,45,130,44,41,122,150,201,165,114,101,63,49,50,115,125,51,74,104,120,202,127,108,93,191,317,197,131,255,78,122,106,83,174,177,185,158,146,123,78,139,137,173,64,107,124,104,70,139,122,116,100,137,80,331,310,75,179,66,179,199,205,269,185,204,129,110,64,64,148,141,61,127,223,90,121,116,167,151,170,110,228,228,260,281,191,139,256,100,115
46,97,114,90,146,102,94,82,54,63,152,151,102,84,65,71,112,109,106,93,94,102,85,105,156,93,247,138,111,103,101,125,169,161,85,77,90,119,60,101,125,82,78,79,111,95,115,90,104,63,112,80,87,69,106,88,51,52,109,73,72,140,158,129,95,28,45,72,67,164,140,198,96,231,149,88,87,95,137,122,104,122,246,76,84,69,141,87,102,76,115,73,213,174,127,96,64,45,45,130,44,42,120,148,203,162,114,100,63,49,50,115,125,51,74,98,120,203,127,105,93,191,313,197,131,255,76,120,104,83,174,177,186,155,142,122,78,140,137,168,64,107,124,103,70,140,123,113,100,137,80,314,310,75,180,66,180,199,203,265,185,203,120,108,63,63,145,141,61,127,223,89,121,114,167,147,166,110,226,226,270,263,191,136,250,99,114
47,96,112,98,146,100,94,81,53,62,152,145,101,74,66,71,113,111,104,91,92,100,85,121,157,93,247,136,109,101,98,126,167,160,81,76,90,119,53,101,125,82,77,79,107,94,115,90,105,64,111,80,86,69,105,88,82,52,106,74,71,136,154,128,92,28,45,71,65,165,141,184,94,231,149,87,86,93,137,72,104,122,246,75,84,69,141,88,100,76,115,73,211,173,126,97,64,45,45,130,44,42,117,145,204,158,100,100,64,49,50,115,113,51,74,99,120,196,128,102,93,192,318,196,132,255,67,107,103,83,174,177,186,153,143,122,78,139,137,165,64,102,124,100,70,116,123,110,102,138,77,315,309,74,180,66,180,199,201,261,186,202,114,107,63,63,143,141,61,127,223,87,121,111,167,145,159,111,224,224,280,255,191,134,242,97,114
48,94,110,88,146,101,95,80,52,60,152,141,100,74,66,71,112,111,105,90,90,98,86,121,157,94,247,135,106,100,96,126,165,159,79,76,90,119,47,101,124,71,75,74,103,93,115,90,102,64,108,80,85,67,104,88,88,52,104,73,71,134,151,127,92,27,45,70,64,165,142,178,92,231,149,86,83,92,138,72,105,122,246,74,84,69,130,87,99,76,115,73,209,171,126,97,64,45,45,130,44,42,116,143,203,156,100,100,64,49,50,100,113,69,74,92,120,197,128,100,93,192,309,194,132,256,68,107,101,83,174,177,174,149,139,121,78,140,137,163,64,102,125,96,70,116,123,108,100,137,76,315,312,73,181,66,181,199,199,257,186,200,110,105,62,63,140,140,61,127,225,85,100,108,167,143,151,111,223,223,285,250,192,138,234,96,115
49,92,108,88,146,99,95,78,51,59,153,136,99,74,66,71,112,107,102,88,88,97,86,122,148,94,248,134,104,98,95,126,164,158,78,76,90,119,44,101,121,70,74,74,100,92,115,90,97,64,107,80,83,67,103,88,68,52,102,74,71,130,146,126,88,26,45,69,62,165,143,176,90,204,149,87,81,90,138,72,105,123,247,73,84,69,129,87,98,77,116,73,206,167,125,97,64,45,45,131,44,42,113,140,203,153,100,100,64,49,50,100,113,58,74,86,120,197,128,97,93,192,309,193,132,256,68,107,100,83,168,177,183,148,139,121,79,138,138,161,64,102,125,95,68,116,123,106,96,137,75,316,314,71,181,67,173,199,197,253,187,199,106,103,62,62,137,137,61,127,225,84,100,105,167,141,145,111,221,221,277,246,192,138,222,94,115
50,90,105,88,146,100,95,76,50,57,153,132,98,74,66,72,113,109,104,87,86,96,86,122,149,94,249,133,101,97,92,126,162,157,77,76,90,119,42,101,118,70,73,74,96,92,115,90,100,64,106,80,82,66,103,83,58,52,100,74,70,127,143,125,86,25,45,68,61,166,142,176,89,184,149,86,83,89,138,72,105,123,247,72,84,69,127,87,96,77,116,74,204,163,125,97,65,45,45,131,44,42,111,126,205,150,100,97,64,49,50,101,114,58,74,86,108,199,128,97,93,193,310,192,132,257,68,109,98,84,91,177,183,145,139,121,79,138,138,158,65,102,121,94,67,116,123,103,93,137,75,317,299,70,181,67,173,199,195,248,187,197,101,101,61,62,135,134,61,127,225,84,100,102,167,139,132,111,219,219,270,242,193,138,199,94,115
51,88,103,86,147,95,95,74,50,55,153,129,97,74,66,72,113,104,101,86,84,94,86,122,149,94,228,131,99,95,91,115,160,156,77,76,90,119,42,102,116,70,72,74,93,91,115,90,102,64,105,80,81,65,102,77,58,52,99,73,69,124,140,124,83,24,45,66,60,166,143,177,88,184,149,87,78,88,138,72,105,123,248,71,84,69,118,85,95,77,116,74,202,160,124,98,65,45,45,131,42,42,108,121,204,148,100,97,64,49,50,101,113,58,74,88,108,192,129,95,93,193,310,191,132,204,68,101,96,84,91,177,183,142,137,120,79,137,138,155,65,102,122,92,67,116,124,101,95,138,75,271,268,68,178,67,174,199,193,245,187,196,97,99,61,62,133,131,61,127,225,84,100,99,167,137,130,111,218,218,264,240,193,140,188,92,116
52,87,101,85,147,96,95,73,49,54,153,126,96,75,66,72,113,107,102,84,82,93,87,122,143,94,229,131,97,94,90,115,158,153,77,76,90,119,43,102,113,70,71,74,90,90,114,90,97,64,103,80,80,65,102,76,58,53,97,73,69,121,136,122,82,23,45,65,59,167,143,175,88,185,149,87,75,86,138,72,105,123,248,70,83,69,121,85,93,77,116,74,200,156,124,98,65,45,46,132,39,42,107,116,205,146,86,96,64,49,50,101,113,58,74,88,108,194,129,92,94,194,309,190,133,205,68,101,95,84,83,177,184,140,136,120,79,137,138,152,65,102,122,91,67,117,124,98,94,137,74,272,269,66,175,67,174,199,191,243,187,193,95,98,61,61,131,128,61,127,227,83,100,98,167,135,130,112,216,216,259,237,189,139,172,91,116
53,85,99,87,147,90,67,72,48,52,153,125,95,71,66,72,113,108,101,82,80,91,87,123,143,73,228,130,95,92,89,115,157,150,77,76,90,119,44,102,110,70,70,74,87,89,114,90,99,64,102,80,79,64,101,76,58,53,95,74,68,119,133,118,80,22,45,64,58,167,142,172,86,185,149,87,73,85,139,74,106,123,249,68,83,69,121,86,92,77,115,74,199,155,123,98,65,45,46,132,38,42,104,105,206,141,86,94,64,49,50,86,139,58,74,88,108,186,130,91,94,194,309,190,133,205,68,103,93,76,83,175,185,138,134,120,79,138,138,150,65,102,122,89,67,117,125,96,92,137,72,273,269,64,170,67,175,199,189,241,188,191,93,96,60,61,128,125,61,127,226,83,101,97,167,131,130,112,215,215,255,235,179,137,159,90,116
54,84,97,84,147,92,69,70,47,52,154,122,94,72,66,65,114,106,100,81,79,89,87,107,134,71,208,129,92,91,89,116,155,147,76,76,90,119,50,102,107,71,69,75,85,88,111,90,97,65,101,80,78,63,100,76,58,53,92,73,68,116,130,117,78,21,42,63,56,167,142,168,85,185,149,88,72,84,137,125,106,105,250,67,83,69,117,86,91,67,115,74,197,150,123,98,65,45,46,133,38,42,103,101,206,126,86,93,64,49,50,87,141,58,74,88,108,187,130,90,94,190,307,188,133,205,68,82,91,76,83,149,185,135,133,117,80,138,139,147,65,102,123,87,67,117,125,94,91,138,70,273,270,62,166,56,172,199,188,238,188,188,92,94,60,61,125,122,61,127,227,82,101,95,167,129,130,112,214,214,253,231,173,135,152,89,116
55,81,94,84,147,89,69,69,47,51,154,122,93,72,66,66,114,105,97,78,77,87,87,108,135,72,208,128,90,89,90,105,153,144,77,76,90,119,54,102,105,71,68,75,83,87,110,90,94,65,100,81,77,62,100,76,58,53,90,74,67,114,127,116,75,20,41,62,55,167,142,165,84,186,149,88,69,83,131,107,106,106,250,66,83,69,118,87,90,67,115,57,196,147,122,99,65,45,46,133,36,42,102,96,208,112,86,91,64,49,50,87,123,58,74,88,108,187,130,88,94,186,305,186,134,205,68,83,91,76,83,138,185,133,130,116,80,139,139,145,65,107,123,86,67,116,124,92,90,138,69,274,272,60,161,56,172,199,185,237,172,185,91,92,60,60,116,120,61,127,227,82,101,93,167,125,126,113,213,213,254,229,168,139,155,88,116
56,79,93,82,148,86,69,68,46,50,155,120,92,73,66,53,114,100,98,77,75,86,87,108,135,72,209,127,89,88,88,105,150,143,77,76,90,119,57,102,106,71,67,75,82,86,109,90,91,65,99,81,76,61,99,76,58,47,88,74,67,111,124,114,72,19,41,63,54,168,140,161,82,186,149,88,69,81,123,72,106,106,251,65,83,69,116,87,88,67,115,57,194,142,122,99,65,46,46,133,35,42,100,94,193,107,86,89,64,49,50,87,123,58,74,88,108,188,130,87,94,178,309,182,134,205,68,83,89,76,83,93,185,132,129,116,80,140,139,142,65,107,123,85,68,113,121,89,88,138,68,276,273,59,157,56,173,199,181,234,172,182,88,90,60,60,112,116,61,127,213,81,101,91,167,122,126,113,212,212,205,226,167,140,154,86,100
57,77,91,81,148,87,69,67,45,49,155,119,92,73,66,54,114,108,96,75,73,84,87,109,128,72,209,125,86,86,86,105,149,142,77,76,90,119,59,102,106,71,66,69,81,85,108,90,87,65,98,65,74,61,98,76,58,47,85,74,66,109,121,113,70,20,41,63,53,164,139,157,81,186,128,88,65,79,117,72,106,106,253,64,83,69,117,88,87,67,113,57,194,138,122,99,65,46,46,133,34,42,98,92,193,105,86,88,64,49,50,87,125,58,74,88,108,189,131,86,95,174,310,178,134,207,68,84,88,77,83,93,186,129,128,115,80,140,139,140,65,107,123,85,68,106,119,87,87,139,66,283,248,57,153,56,174,199,177,232,172,178,85,87,59,59,107,113,61,127,213,86,101,89,167,118,126,113,211,211,215,224,165,141,159,85,95
58,76,89,79,148,85,69,66,44,47,155,118,91,66,66,54,114,95,95,73,71,82,86,109,129,72,190,123,85,85,85,100,148,141,78,76,90,119,59,102,107,71,65,69,80,83,107,90,85,58,97,64,70,62,98,77,58,44,83,74,66,106,119,110,69,19,41,62,51,156,138,154,79,187,128,88,63,78,109,72,106,107,253,63,82,69,112,83,85,68,112,58,193,136,122,100,65,46,46,134,33,42,96,90,193,100,72,87,64,50,50,72,125,58,74,88,108,180,131,85,95,170,309,175,135,195,68,84,86,77,83,93,186,127,125,114,80,137,138,138,65,83,124,84,68,100,118,85,87,139,65,288,248,55,148,56,174,195,170,230,173,174,84,85,59,59,103,107,61,125,212,79,101,88,167,111,126,113,210,210,225,221,159,141,157,83,95
59,74,85,78,149,80,69,64,43,46,155,116,90,66,66,54,114,97,96,71,70,80,86,109,130,72,191,122,83,83,83,102,146,141,78,76,93,119,57,102,107,72,63,69,79,83,106,90,82,58,96,64,69,61,97,77,58,44,81,74,65,104,115,109,66,18,41,62,49,153,136,146,77,187,129,88,61,76,103,72,107,107,253,62,82,69,114,74,83,68,111,58,191,133,122,100,65,46,46,134,33,42,94,88,194,98,72,86,64,50,50,73,125,59,74,88,108,176,131,82,95,167,302,171,135,195,68,84,85,77,83,93,151,124,123,114,80,135,135,135,65,83,124,82,46,92,115,83,86,139,64,296,251,54,147,56,151,196,165,227,141,172,82,83,58,57,101,106,61,122,214,78,101,87,167,109,126,114,209,209,231,219,149,141,156,82,95
60,72,84,77,149,78,69,62,43,46,155,115,90,64,67,54,115,98,92,70,68,78,85,109,130,72,190,122,81,82,82,102,144,140,77,76,92,71,54,102,107,72,62,69,78,82,104,90,83,58,95,64,69,62,97,77,58,44,79,74,63,102,114,106,64,17,40,61,47,153,134,143,75,178,129,88,60,75,99,72,106,107,229,60,81,69,111,74,82,68,109,58,169,128,122,100,65,46,46,135,31,42,93,90,193,96,72,85,64,50,50,73,126,59,74,88,96,172,132,81,95,145,301,166,133,195,68,74,84,77,83,93,151,123,122,113,80,132,133,133,66,83,124,81,46,87,112,82,85,135,64,256,259,52,145,56,152,196,160,224,141,168,81,81,58,54,102,103,61,120,215,76,101,84,167,105,117,114,208,208,231,217,144,136,156,81,95
61,70,81,75,149,75,70,62,43,45,156,114,90,65,67,54,115,93,93,68,66,76,84,109,131,73,180,122,80,80,80,96,142,137,78,77,91,71,53,102,105,63,61,69,78,80,102,90,80,58,94,64,69,61,96,77,58,44,78,74,61,100,111,104,62,,40,60,45,149,132,138,74,177,129,88,58,73,93,72,106,108,44,59,81,69,112,74,81,68,108,58,168,125,123,100,65,46,46,135,30,42,92,89,195,94,72,85,64,50,50,73,110,59,74,88,96,165,132,79,96,146,207,162,131,195,69,74,83,77,83,93,152,122,120,113,81,130,131,132,66,83,124,80,46,81,110,81,85,136,64,257,260,51,144,56,153,196,157,222,141,165,78,80,58,52,102,100,61,117,213,76,101,82,159,101,117,114,207,207,232,215,135,134,155,79,95
62,67,79,73,150,76,70,60,42,44,157,113,89,65,67,55,115,94,89,66,65,75,83,92,126,73,180,120,79,79,77,97,140,136,78,77,90,73,52,102,105,63,58,69,77,80,101,90,78,58,93,64,69,59,95,75,58,44,76,74,58,98,108,102,61,,40,60,45,148,131,135,72,178,129,88,57,72,85,74,106,108,230,58,81,69,109,71,79,68,107,58,169,122,123,75,65,46,46,135,30,42,90,89,184,94,73,85,65,50,50,73,110,59,74,88,96,173,132,77,96,146,207,160,129,196,69,74,81,77,84,91,153,120,118,112,76,129,129,130,66,83,125,79,46,73,110,79,83,130,61,257,259,50,142,56,154,185,153,219,142,163,76,81,57,50,100,95,61,113,202,76,101,80,159,98,117,114,205,205,229,212,132,130,154,77,96
63,66,79,73,150,74,60,59,41,44,157,110,88,57,67,55,115,88,90,64,64,73,81,93,127,73,181,119,78,76,76,94,138,134,78,77,89,73,52,102,104,63,57,69,75,78,100,90,77,59,92,65,69,57,94,67,58,44,74,74,56,96,106,100,59,,37,59,44,147,131,132,70,178,129,88,53,71,80,124,107,108,231,56,81,69,111,71,78,68,106,58,169,120,123,75,65,46,46,136,29,42,88,88,182,99,73,85,65,50,50,73,110,59,74,83,96,170,132,76,93,146,207,158,120,160,69,74,80,77,84,85,154,117,115,108,77,127,127,127,66,83,125,77,46,72,110,78,82,133,59,258,258,49,142,56,154,185,147,217,142,159,76,80,55,49,100,92,61,109,201,76,101,79,160,96,117,113,204,204,218,210,124,128,154,76,96
64,64,77,73,150,71,60,58,41,44,157,106,88,57,67,55,116,90,88,63,62,71,80,94,126,73,166,118,77,74,74,93,136,132,78,77,89,84,52,102,103,63,56,69,74,77,99,90,70,59,90,65,68,56,94,67,58,44,73,74,54,94,104,98,58,,36,58,41,146,131,129,69,162,130,87,53,69,72,123,107,109,212,55,81,69,109,71,76,68,104,58,170,116,122,75,65,46,47,136,28,42,88,88,183,99,73,85,65,50,50,74,110,59,74,61,96,170,133,75,87,146,207,156,120,161,69,74,79,77,84,85,154,115,114,104,77,124,125,125,66,83,125,76,46,71,109,77,82,133,59,259,259,47,142,56,154,185,143,215,142,155,77,80,54,48,100,88,61,105,203,74,78,78,161,94,117,112,203,203,209,208,112,124,152,74,78
65,64,76,72,150,71,61,57,40,43,157,103,88,57,67,55,113,87,85,61,60,69,79,94,122,73,172,115,76,73,72,91,135,130,78,77,88,84,52,102,103,63,55,59,72,76,97,90,71,59,89,65,67,55,93,67,58,45,72,74,51,92,101,96,56,,36,57,40,146,134,127,68,115,130,87,54,67,70,72,107,85,213,54,54,69,107,71,76,69,103,58,170,113,118,75,66,47,47,136,26,42,89,94,182,98,73,84,65,50,50,74,111,59,74,62,83,169,133,73,86,146,207,154,120,160,69,74,77,77,84,85,154,114,113,100,77,123,123,123,66,83,113,75,46,70,109,76,81,128,59,259,262,46,142,56,155,186,138,212,143,151,76,79,53,46,99,83,61,100,203,74,78,77,159,92,115,110,202,202,200,202,100,125,150,73,78
66,62,75,71,151,64,61,56,40,43,157,100,87,57,68,55,110,83,85,61,58,67,77,94,122,73,172,113,75,71,70,92,132,128,79,77,87,86,56,102,102,63,54,59,70,75,96,90,72,59,89,55,66,55,92,67,58,45,70,74,49,90,99,94,56,,35,56,40,146,134,123,66,115,130,87,52,66,69,72,84,85,46,53,55,70,103,71,76,69,101,59,170,110,113,76,66,47,47,137,25,43,88,95,184,94,73,83,65,50,50,73,111,59,74,64,83,165,134,71,87,145,208,155,115,160,69,74,76,68,84,85,154,109,111,97,77,120,120,120,66,84,113,73,46,69,109,75,80,129,59,237,241,45,142,56,155,186,133,210,143,148,77,72,51,45,96,81,61,97,204,74,78,75,150,92,115,108,201,201,191,193,90,126,149,71,78
67,62,74,70,151,65,61,56,39,42,157,98,86,58,68,55,107,85,83,59,57,66,76,95,118,73,173,111,74,69,69,89,130,126,79,77,86,86,59,102,102,64,53,59,69,74,95,90,71,59,89,56,65,54,92,67,58,37,69,73,47,88,96,92,55,,36,55,40,147,135,121,66,115,130,87,53,65,69,72,85,85,214,51,55,70,105,72,76,69,99,59,170,106,105,76,66,47,47,137,24,43,84,91,173,98,73,79,65,50,51,74,101,59,74,65,83,163,134,70,86,145,208,156,116,161,69,75,75,68,77,85,154,107,109,96,77,118,118,118,66,84,113,72,46,68,107,74,78,130,59,237,243,44,144,56,155,187,131,209,133,144,76,74,50,44,94,75,61,94,192,74,78,73,144,92,114,106,191,191,192,194,79,126,148,70,78
68,61,73,69,148,64,61,55,39,42,158,95,85,64,68,55,106,86,82,58,56,64,74,95,117,73,161,110,73,68,68,90,129,123,77,77,86,86,63,102,101,64,52,59,67,73,94,90,71,59,89,55,63,53,91,68,58,37,68,71,45,86,94,90,55,,36,54,39,147,137,117,64,115,131,86,52,63,68,72,85,85,214,51,56,70,105,64,76,69,98,49,170,99,103,45,67,47,47,137,22,43,82,87,174,95,66,74,65,50,51,67,101,59,74,69,83,162,134,69,86,145,209,158,116,162,69,75,74,68,75,85,154,106,107,95,78,116,116,117,66,75,114,70,46,67,106,73,77,124,58,238,243,43,145,56,155,171,129,206,133,142,74,71,48,43,92,72,61,90,191,72,78,68,139,92,114,103,192,192,183,183,67,127,144,69,79
69,60,72,68,144,63,55,54,39,41,159,92,84,57,68,55,104,81,83,57,55,62,73,95,114,74,163,108,72,67,66,88,127,119,77,78,85,86,67,102,100,64,50,53,65,72,93,90,65,60,88,56,62,53,89,68,58,37,66,69,43,82,93,88,53,,35,53,37,148,137,113,62,116,131,86,47,61,65,77,86,86,189,49,57,70,102,64,76,69,96,49,171,96,100,45,67,47,47,138,21,43,80,93,174,93,66,72,65,50,51,67,101,59,74,70,83,156,132,67,87,145,209,159,116,118,70,75,73,68,75,85,154,104,103,95,79,114,114,114,67,75,114,69,37,65,103,72,75,124,57,239,244,42,146,56,156,172,128,202,101,140,66,66,47,42,89,71,61,86,192,72,78,65,134,92,114,102,181,181,172,175,64,128,141,67,79
70,59,71,67,141,62,56,53,38,41,159,90,83,58,68,56,101,82,78,56,53,60,72,79,113,74,163,106,71,64,64,87,126,112,77,78,84,86,69,102,99,64,50,53,63,71,91,90,67,47,87,56,61,52,88,68,59,35,65,68,42,80,90,84,51,,35,52,36,145,139,110,62,115,131,86,47,60,64,82,86,86,190,48,57,70,98,64,76,69,94,50,171,93,97,45,67,47,47,138,20,43,78,90,165,91,66,70,66,50,51,67,101,59,74,70,83,154,128,66,87,146,210,160,117,119,70,75,72,68,75,85,155,102,103,94,79,112,112,112,67,75,114,68,37,64,101,71,74,124,56,240,244,41,146,56,156,172,126,200,102,136,65,64,46,41,88,70,61,86,193,72,78,62,131,92,107,100,178,178,164,167,65,116,138,65,79
71,58,70,66,137,60,57,52,38,40,150,87,82,49,68,56,99,76,79,55,52,59,68,79,111,74,153,106,70,63,63,87,124,108,77,78,84,86,70,102,99,64,49,53,62,70,90,90,63,44,87,56,60,50,86,68,58,35,63,67,42,78,88,82,50,,34,51,33,138,132,105,60,115,132,86,46,58,64,82,86,86,191,47,57,70,99,50,76,69,92,50,172,90,94,45,67,47,47,138,18,43,76,95,166,88,67,67,66,51,51,68,102,59,78,71,71,149,124,64,87,146,211,157,111,118,70,75,70,68,75,85,155,100,101,94,69,110,110,110,67,75,73,67,37,63,99,69,73,116,55,228,226,40,146,56,156,176,125,194,102,133,63,62,44,40,86,68,61,86,193,71,78,60,118,93,107,99,165,165,156,159,65,108,135,64,79
72,57,69,65,134,58,57,51,37,40,150,84,79,49,69,56,97,77,75,54,51,57,66,80,109,74,154,105,68,63,64,84,123,106,78,77,83,86,70,102,98,65,50,53,60,69,89,90,63,44,87,56,59,48,85,68,53,35,62,65,41,75,85,80,48,,33,50,31,129,126,100,59,116,132,86,44,57,65,82,87,86,192,47,57,70,94,50,76,69,87,50,154,88,91,45,67,48,47,139,18,43,74,84,166,87,67,66,66,51,51,68,102,59,82,75,71,146,123,62,82,130,211,153,112,117,70,64,69,68,75,85,155,98,100,93,69,108,108,108,67,75,73,66,37,62,97,68,71,116,54,229,225,40,145,56,156,177,124,190,102,130,59,59,43,38,83,67,61,85,182,70,78,59,116,94,107,98,159,159,160,154,64,98,131,62,79
73,56,67,64,132,55,57,50,37,40,118,81,77,49,69,56,94,70,76,53,50,55,64,80,109,74,154,104,66,63,63,84,120,103,78,76,82,86,71,102,98,55,50,47,59,68,89,90,60,44,87,56,58,47,83,66,51,36,61,64,41,73,83,77,47,,33,49,29,131,125,96,58,116,132,85,43,56,62,82,87,87,192,47,57,70,95,50,76,69,82,50,155,85,89,45,60,48,47,139,17,43,72,86,130,85,67,63,66,51,51,67,90,59,83,78,71,141,122,61,83,132,211,150,112,119,70,64,68,68,75,85,155,97,98,93,44,106,106,106,67,75,73,65,38,61,96,67,70,117,53,231,225,39,143,56,156,177,123,184,102,127,58,58,42,38,81,65,61,85,184,70,78,57,115,95,107,97,153,153,145,147,65,90,128,61,80
74,55,66,64,127,53,57,49,36,40,118,78,75,49,69,35,92,72,73,52,48,53,63,80,107,76,120,103,65,64,63,84,119,99,78,74,81,86,71,102,97,55,50,47,58,67,88,90,61,44,87,56,58,47,82,58,52,36,60,62,41,70,80,74,46,,32,48,27,131,126,91,57,117,132,84,44,55,62,82,87,87,193,47,57,70,84,50,76,69,82,50,155,83,85,46,57,48,45,140,16,43,70,82,130,82,67,61,65,51,51,68,90,59,84,78,71,139,120,59,78,135,211,146,112,119,70,65,67,68,75,85,109,96,96,92,44,104,104,104,66,75,73,64,38,60,94,65,69,109,52,231,227,39,140,56,108,161,121,176,102,124,57,56,41,37,78,64,61,85,184,69,78,56,113,96,107,96,148,148,140,145,65,81,124,59,80
75,53,65,63,123,50,47,48,35,40,119,74,74,49,69,34,89,72,73,50,47,51,62,60,105,76,121,102,62,63,63,79,118,96,78,72,79,86,73,102,96,55,50,47,55,66,87,90,52,44,87,56,57,47,80,58,52,36,59,60,41,67,78,71,45,,31,47,26,121,123,86,55,116,133,83,42,53,61,82,88,87,167,48,57,70,86,50,76,70,82,50,156,81,82,43,54,48,43,138,15,43,68,81,130,81,60,59,63,51,49,61,90,59,85,80,71,134,118,58,76,135,202,142,113,119,67,64,66,68,69,85,109,94,95,92,44,102,102,102,65,75,74,62,38,59,89,61,68,109,51,232,226,38,136,56,108,162,119,172,103,121,54,55,40,37,76,63,61,84,143,68,75,52,113,96,100,94,143,143,136,140,65,82,121,58,80
76,52,64,61,121,49,47,47,35,39,118,71,72,49,69,34,87,69,70,49,46,50,62,60,100,76,122,100,58,63,64,77,117,93,78,70,78,86,74,102,95,55,50,47,55,65,86,90,54,44,87,56,56,46,78,58,52,36,57,59,41,63,76,69,43,,31,47,25,120,116,82,55,117,133,82,40,52,60,82,88,87,168,48,57,71,60,57,76,70,81,50,156,79,81,37,50,48,41,135,14,41,66,73,127,79,60,57,59,51,47,60,91,59,85,80,63,132,115,57,73,135,185,137,113,100,67,64,64,68,67,85,111,93,93,91,44,100,100,100,61,75,74,61,38,58,83,56,67,89,50,215,212,37,132,56,108,162,118,169,103,119,54,54,39,36,74,61,61,84,144,71,75,52,104,97,100,93,138,138,129,135,65,82,119,57,81
77,52,62,60,118,48,48,46,34,38,119,67,71,49,69,34,85,66,69,48,46,48,59,60,93,58,122,97,55,64,64,70,115,90,79,69,77,86,70,102,94,55,50,47,53,64,85,90,49,45,87,57,55,45,77,58,52,36,55,58,40,61,72,67,42,,30,46,25,111,115,78,53,118,133,80,39,50,59,82,88,87,168,48,57,71,61,56,76,70,80,50,157,77,79,37,46,49,39,126,11,38,65,82,109,76,60,55,55,49,44,61,91,59,85,80,63,129,114,55,68,136,174,126,113,91,60,64,63,68,67,85,111,90,91,91,44,98,99,98,56,75,61,60,38,57,78,53,65,91,50,215,210,37,119,56,109,166,117,165,97,116,53,53,39,35,72,60,60,84,143,67,75,48,103,93,100,92,133,133,124,131,65,83,117,55,81
78,50,61,59,114,46,48,45,33,38,118,64,71,49,60,23,82,63,64,47,45,46,57,46,93,45,122,95,51,64,64,70,114,87,79,66,75,86,70,102,91,55,50,47,51,63,84,90,47,45,87,57,55,45,75,58,52,36,54,56,40,59,70,63,40,,29,45,25,91,110,74,51,118,127,78,39,49,56,82,65,65,168,48,57,71,61,57,76,70,79,50,157,74,77,38,43,48,37,116,12,34,63,71,99,75,61,54,52,47,41,61,91,59,85,80,63,126,112,53,65,136,167,116,114,82,60,50,62,68,67,76,113,89,89,90,44,96,97,96,52,76,54,58,38,56,73,49,64,91,47,216,212,36,112,56,111,167,113,163,97,114,52,52,38,34,71,60,55,83,126,65,75,48,103,91,100,91,129,129,118,125,65,85,116,54,48
79,49,61,57,110,45,48,44,32,37,84,60,70,40,57,23,80,64,64,47,44,45,55,46,79,45,123,95,49,64,63,71,110,84,77,64,74,86,70,102,87,55,50,27,49,62,83,90,42,45,87,57,54,42,74,59,52,21,52,54,36,56,68,61,40,,28,45,24,68,106,72,48,118,113,78,37,47,56,82,66,66,169,47,57,71,44,56,76,71,77,50,157,73,75,39,38,49,35,114,10,30,62,72,84,74,61,52,50,43,40,61,39,59,85,80,63,123,110,52,65,137,143,114,114,73,48,50,61,68,67,76,37,88,88,90,38,95,95,95,49,33,48,57,25,55,67,47,62,89,46,217,215,35,111,56,111,168,110,160,97,108,51,51,37,34,69,60,52,66,110,63,75,48,103,90,100,90,124,124,113,122,65,86,113,53,27
80,48,60,55,107,43,48,43,30,36,83,57,69,40,53,23,78,58,64,45,43,44,53,47,88,43,90,93,47,64,63,67,105,81,12,35,73,86,64,102,80,55,50,27,46,61,81,90,38,44,87,29,51,42,73,59,52,21,51,53,27,54,66,59,38,,27,46,22,63,99,71,38,118,105,77,36,46,55,82,66,66,169,47,57,71,48,56,76,71,76,50,158,71,74,38,34,49,33,113,10,28,60,75,74,72,61,51,46,41,37,38,39,59,85,80,63,120,109,50,62,137,91,113,115,67,48,51,60,68,67,76,38,86,86,43,34,93,93,93,45,33,43,56,21,54,62,45,61,85,45,217,213,34,109,42,97,168,107,158,97,103,50,50,36,33,67,56,49,55,100,60,27,47,103,86,60,89,120,120,110,118,65,73,113,52,27
81,46,58,51,103,40,48,40,29,35,77,55,68,40,50,23,76,57,58,44,43,42,50,47,80,43,84,86,45,64,63,59,100,77,11,35,71,86,64,100,77,25,50,27,45,60,80,90,37,44,87,29,51,40,72,59,52,21,50,51,26,53,63,57,27,,25,45,21,77,97,72,37,119,96,75,34,45,55,82,67,66,116,47,57,69,45,57,76,71,74,22,158,69,71,31,31,49,29,112,10,24,59,64,65,71,38,48,43,38,37,38,39,58,85,80,26,115,102,49,58,75,98,113,80,60,49,51,58,68,67,76,40,84,84,43,30,91,91,91,43,33,38,56,21,53,58,42,60,85,40,173,169,33,107,42,98,105,103,157,52,98,49,49,,,64,52,47,54,89,58,27,,61,86,61,88,116,116,107,111,65,73,109,51,27
82,45,56,49,100,39,48,39,26,35,66,52,67,40,47,23,73,56,57,44,42,40,48,47,80,43,73,83,44,64,64,59,96,74,11,36,70,86,64,98,71,25,48,27,43,59,79,90,35,44,85,29,51,40,71,59,52,21,48,50,25,52,62,55,13,,25,45,21,71,93,72,37,119,90,74,35,44,54,82,67,66,116,48,57,66,46,47,76,71,73,22,95,64,66,25,28,49,28,108,10,22,58,59,56,69,38,53,41,35,33,38,39,58,85,80,26,102,94,47,56,78,96,108,80,54,44,51,56,68,67,76,40,82,83,43,27,89,89,89,39,33,34,54,21,45,51,41,59,81,37,173,169,32,101,42,99,109,100,156,52,93,48,48,,,58,50,43,53,79,57,27,,63,85,64,87,107,107,104,107,65,65,107,49,27
83,44,53,46,96,37,26,38,25,33,55,48,66,40,22,23,69,54,54,42,41,39,46,47,80,44,62,82,42,61,61,59,91,71,11,36,68,86,64,95,67,25,46,27,42,58,77,90,34,25,82,30,42,40,71,28,52,21,47,48,25,50,60,54,13,,26,46,21,81,89,72,37,4,83,73,34,43,53,82,67,66,117,45,57,63,43,47,76,42,71,22,95,60,61,25,24,49,26,101,8,22,57,52,49,67,38,54,36,32,33,39,39,58,85,80,26,89,80,46,55,85,92,102,80,48,44,51,55,68,67,76,40,80,81,43,24,88,87,87,28,33,31,53,21,36,46,40,58,82,35,159,170,31,96,42,100,109,97,154,52,89,,47,,,52,47,41,51,69,55,27,,65,81,69,85,103,103,101,103,66,57,101,48,27
84,42,50,45,93,37,27,37,25,32,47,44,65,40,22,23,66,50,54,41,40,38,44,47,80,43,53,76,41,58,58,59,87,68,11,37,67,47,64,89,62,25,44,27,40,57,76,90,30,25,80,30,36,39,70,23,52,21,46,46,25,49,58,52,11,,25,46,20,76,83,73,37,118,76,71,33,41,52,74,67,66,117,43,57,60,39,47,74,42,51,22,95,57,58,25,22,49,23,94,7,21,56,46,42,65,38,55,15,15,15,39,39,52,85,80,26,75,70,44,54,85,89,95,81,43,40,51,54,68,67,76,40,79,79,42,22,86,86,86,22,33,31,52,21,33,40,39,56,68,33,145,146,29,93,42,99,109,94,153,54,85,,45,,,46,44,16,48,60,53,27,,69,79,71,83,102,102,100,102,67,49,96,47,27
85,41,48,42,89,36,27,36,23,31,39,41,64,40,22,23,65,51,47,40,39,37,41,45,80,43,44,76,40,54,54,59,82,64,12,37,66,48,64,85,57,25,40,27,39,55,74,,31,25,77,30,36,37,69,22,33,21,45,46,24,46,56,51,11,,25,46,19,81,79,73,37,113,69,70,33,40,46,45,67,67,56,40,56,58,40,46,72,42,51,22,96,54,54,25,22,44,,87,7,21,56,41,38,63,38,55,15,15,15,39,39,32,44,42,26,63,59,43,53,88,86,89,46,39,40,27,51,58,56,58,40,77,78,42,20,84,84,84,22,33,31,51,21,31,35,37,55,69,32,131,129,28,88,42,84,109,90,139,54,79,,44,,,40,42,16,45,54,52,27,,69,77,64,81,99,99,98,99,69,40,92,45,27
86,40,45,41,85,32,27,35,22,31,34,38,62,39,22,23,62,44,47,39,38,36,40,46,80,44,38,79,38,49,49,59,76,60,,37,64,48,62,80,53,24,37,27,37,54,73,,31,25,73,30,36,37,69,22,33,21,44,44,22,43,55,50,9,,26,46,17,79,76,73,37,80,61,69,31,39,35,45,67,67,55,37,30,55,39,45,69,42,50,10,69,51,52,25,22,41,,79,6,20,55,35,38,61,38,54,15,15,15,39,39,32,45,44,26,51,46,42,46,65,83,80,47,34,31,27,42,58,56,58,40,76,76,39,18,82,82,82,22,33,31,50,21,29,30,36,54,69,31,117,113,27,80,42,85,109,87,126,54,74,,44,,,34,38,16,43,48,50,27,,63,76,65,79,96,96,96,94,70,39,90,44,27
87,39,43,40,81,31,27,34,21,30,32,36,59,40,22,23,59,44,44,38,37,34,37,46,65,44,36,78,37,45,44,59,71,57,,38,63,49,59,75,49,24,33,28,36,53,71,,30,25,70,30,36,35,68,22,33,21,42,42,21,40,54,47,9,,25,46,15,73,71,73,37,63,56,67,31,38,33,45,67,67,55,34,31,52,38,32,65,42,50,10,69,49,52,25,22,38,,72,6,19,54,31,38,60,38,54,15,15,15,26,39,33,46,44,26,47,44,40,37,65,81,72,47,32,31,25,40,58,56,58,40,74,74,36,18,80,80,80,22,33,31,49,22,26,30,35,53,63,31,105,111,26,72,42,85,87,84,121,54,69,,42,,,31,36,16,41,42,49,28,,63,73,67,77,91,91,92,90,70,38,86,43,27
88,39,42,38,77,29,27,33,19,29,42,36,57,40,23,24,57,44,34,37,37,33,35,46,69,44,33,84,35,41,41,52,66,54,,39,62,49,58,70,44,24,32,28,35,52,70,,14,25,67,30,32,28,67,22,33,21,41,41,19,37,52,45,8,,25,46,15,67,67,73,37,54,51,66,29,38,30,45,68,67,55,31,31,50,38,32,61,42,47,11,69,45,51,25,22,34,,64,5,19,54,31,37,58,25,52,15,15,15,26,39,33,46,44,27,45,41,39,37,65,77,65,47,32,20,25,37,58,56,58,40,72,73,27,18,79,78,79,22,33,31,48,22,25,30,34,52,63,31,94,96,24,64,42,86,91,80,113,54,64,,41,,,31,33,16,38,42,47,28,,64,69,67,68,87,87,87,85,70,37,84,42,27
89,37,41,37,74,29,27,32,17,26,50,33,54,30,23,24,54,41,34,35,35,32,34,46,68,44,43,89,33,39,40,52,62,50,,39,59,49,57,65,41,18,31,28,34,51,67,,14,25,64,30,26,28,66,18,33,21,39,40,17,35,50,41,8,,26,46,15,63,60,76,39,48,47,64,28,37,27,45,67,67,55,30,31,48,35,32,57,42,44,11,70,45,49,25,22,31,,56,4,18,54,31,38,56,25,52,15,15,15,26,40,33,46,44,27,43,38,37,37,65,66,57,46,32,20,24,35,58,56,58,40,71,71,27,18,77,77,77,22,27,31,47,22,24,30,33,50,58,31,94,94,23,57,42,86,91,76,100,54,58,,40,,,31,30,15,34,42,45,28,,65,65,66,59,80,80,80,77,70,36,81,40,27
90,37,39,35,70,14,11,31,14,23,51,32,53,30,23,24,51,31,34,35,34,30,32,46,69,44,54,79,32,38,38,52,57,47,,39,56,49,58,61,39,16,30,29,33,49,66,,14,25,60,30,21,28,61,14,33,21,38,38,15,32,49,40,8,,26,46,15,58,56,78,41,43,43,61,27,36,26,45,67,67,56,28,32,47,36,33,54,42,41,11,70,43,46,25,22,29,,50,4,17,58,31,38,55,25,51,15,15,15,26,40,33,46,44,27,41,36,36,37,65,62,49,47,32,20,24,32,58,56,58,40,69,70,22,18,75,75,74,22,27,31,46,8,24,30,32,49,58,31,82,83,21,51,42,66,91,71,92,54,54,,38,,,31,28,15,31,42,43,28,,66,61,42,53,76,76,75,73,70,35,78,39,27
91,,38,,66,,,,,,,,,,,,48,,,,,28,,,69,,66,70,,36,,,,,,40,50,49,,,,,29,,,48,64,,,,57,,,,58,,33,,37,37,,,45,,,,,,,56,,78,,38,,,26,35,24,45,,27,56,27,32,,,,,,35,,46,42,45,25,17,,,43,,16,57,32,38,53,,51,15,15,15,26,,,46,44,,37,34,35,,44,61,48,47,30,,,,,56,58,40,67,66,,,73,73,73,20,,31,44,,25,30,,48,58,31,77,84,19,,28,67,91,65,78,54,49,,37,,,,27,16,,42,36,,,42,,41,47,69,69,68,65,62,34,,38,
92,,36,,62,,,,,,,,,,,,45,,,,,27,,,69,,45,50,,35,,,,,,40,47,49,,,,,28,,,47,62,,,,54,,,,54,,33,,35,35,,,40,,,,,,,51,,76,,34,,,25,33,21,46,,27,49,26,32,,,,,,34,,47,41,44,25,13,,,37,,16,57,31,38,52,,50,15,15,15,26,,,46,44,,31,31,33,,44,57,39,,24,,,,,56,58,40,66,66,,,72,72,71,15,,28,43,,25,30,,47,56,28,68,65,18,,28,67,58,60,70,54,45,,35,,,,26,16,,42,34,,,41,,40,43,63,63,60,56,56,33,,37,
93,,35,,58,,,,,,,,,,,,42,,,,,26,,,69,,35,53,,34,,,,,,40,,50,,,,,26,,,45,59,,,,52,,,,52,,33,,34,33,,,36,,,,,,,46,,74,,31,,,25,33,15,46,,28,49,25,32,,,,,,26,,47,40,42,24,10,,,34,,16,56,30,38,50,,49,15,15,16,26,,,47,44,,28,29,31,,45,47,35,,19,,,,,56,58,40,63,64,,,70,70,69,11,,25,42,,25,30,,45,56,22,58,57,16,,,68,58,55,64,54,41,,32,,,,25,16,,42,35,,,41,,39,39,50,50,52,48,47,32,,35,
94,,32,,54,,,,,,,,,,,,40,,,,,24,,,68,,33,38,,32,,,,,,32,,50,,,,,25,,,43,57,,,,47,,,,48,,33,,32,32,,,32,,,,,,,39,,70,,29,,,24,31,14,46,,,49,24,32,,,,,,22,,47,39,40,21,9,,,29,,15,54,30,38,47,,48,15,15,16,26,,,47,45,,26,27,29,,45,41,30,,14,,,,,56,58,40,59,59,,,65,65,65,8,,23,40,,25,29,,41,56,22,38,36,14,,,68,57,50,56,37,37,,29,,,,24,16,,42,33,,,40,,39,36,46,46,43,40,39,31,,32,
95,,30,,50,,,,,,,,,,,,37,,,,,23,,,59,,25,25,,31,,,,,,32,,50,,,,,25,,,42,55,,,,44,,,,45,,33,,30,30,,,28,,,,,,,36,,64,,30,,,20,29,9,46,,,49,23,32,,,,,,18,,47,37,38,19,,,,25,,15,54,29,35,44,,46,,,,26,,,47,45,,23,25,28,,43,,26,,10,,,,,56,58,40,55,56,,,61,65,60,,,20,37,,15,29,,38,56,,38,37,13,,,44,43,43,48,37,33,,28,,,,23,,,42,32,,,40,,25,32,39,39,35,,29,29,,31,
96,,27,,46,,,,,,,,,,,,34,,,,,21,,,63,,17,30,,30,,,,,,26,,50,,,,,24,,,41,52,,,,42,,,,42,,33,,27,27,,,25,,,,,,,32,,57,,29,,,17,27,,46,,,46,23,32,,,,,,,,47,36,36,17,,,,20,,13,53,28,29,41,,45,,,,26,,,20,45,,,22,26,,45,,21,,,,,,,56,28,40,52,49,,,57,56,56,,,15,34,,10,29,,35,56,,38,37,11,,,44,43,35,42,37,28,,25,,,,21,,,35,29,,,24,,25,30,33,33,25,,19,32,,27,
97,,25,,42,,,,,,,,,,,,31,,,,,17,,,63,,11,19,,30,,,,,,20,,36,,,,,23,,,40,40,,,,36,,,,39,,33,,24,24,,,,,,,,,,25,,50,,26,,,14,25,,47,,,27,22,32,,,,,,,,48,33,36,16,,,,15,,10,54,27,21,35,,43,,,,16,,,21,46,,,19,24,,22,,15,,,,,,,24,21,37,47,44,,,51,49,49,,,12,30,,8,28,,31,56,,38,37,9,,,45,43,28,36,37,24,,21,,,,20,,,28,25,,,25,,25,26,17,17,16,,14,34,,22,
98,,22,,38,,,,,,,,,,,,28,,,,,14,,,64,,,,,30,,,,,,,,23,,,,,22,,,38,40,,,,34,,,,35,,33,,21,20,,,,,,,,,,21,,45,,20,,,10,21,,22,,,28,21,32,,,,,,,,23,34,36,13,,,,11,,7,41,26,14,33,,42,,,,16,,,22,46,,,16,22,,22,,11,,,,,,,,,38,42,40,,,45,43,44,,,5,26,,6,27,,28,30,,39,37,7,,,45,18,18,19,17,20,,16,,,,18,,,21,24,,,25,,26,23,12,12,12,,,34,,16,
99,,18,,34,,,,,,,,,,,,24,,,,,9,,,36,,,,,30,,,,,,,,18,,,,,21,,,37,23,,,,29,,,,,,17,,14,14,,,,,,,,,,17,,38,,14,,,,18,,18,,,,20,32,,,,,,,,23,34,36,11,,,,11,,5,33,25,14,30,,40,,,,16,,,23,19,,,11,17,,23,,10,,,,,,,,,38,37,32,,,40,40,39,,,4,24,,5,26,,25,30,,23,22,6,,,32,18,13,13,17,16,,13,,,,10,,,15,21,,,25,,8,22,9,9,,,,23,,7,
100,,13,,28,,,,,,,,,,,,22,,,,,8,,,5,,,,,30,,,,,,,,13,,,,,3,,,15,,,,,26,,,,,,17,,7,7,,,,,,,,,,14,,5,,8,,,,12,,13,,,,20,16,,,,,,,,23,1,1,8,,,,11,,2,5,24,14,26,,33,,,,8,,,10,19,,,8,,,23,,10,,,,,,,,,14,29,24,,,35,35,35,,,2,21,,4,25,,25,30,,23,22,4,,,15,18,6,13,17,10,,7,,,,8,,,15,21,,,25,,8,14,5,5,,,,12,,6,